PageTitle,Category,DontLinkCat,SubCategory,SubCatNotLink,Item,SubItem,ItemLevel3,LinkOverride
Science,,,,,,,,
,Archeology,,,,,,,
,,,,,Bones,,,
,,,,,Dinosaur,,,
,,,,,Extinction,,,
,Astronomy,,,,,,,
,,,,,Astronaut,,,
,,,,,Exploration,,,
,,,,,Light,,,
,,,,,Moon,,,
,,,,,Planet,,,
,,,,,,Earth,,
,,,,,Satellite,,,
,,,,,Sky,,,
,,,,,Space,,,
,,,,,Stars,,,
,,,,,,Constellation,,
,,,,,Sun,,,
,Biology,,,,,,,
,,,,,Bacteria,,,
,,,,,Cells,,,
,,,,,Endangered,,,
,,,,,Genetics,,,
,,,,,Germs,,,
,,,,,Life,,,
,,,,,Virus,,,
,Bodies of Water,,,,,,,
,,,,,Brook,,,
,,,,,Creek,,,
,,,,,Drought,,,
,,,,,Flood,,,
,,,,,Lake,,,
,,,,,Ocean,,,
,,,,,Pond,,,
,,,,,River,,,
,,,,,Sea,,,
,,,,,Stream,,,
,,,,,Swamp,,,
,Botany,1,,,,,,
,,,,,Algae,,,
,,,,,Garden,,,
,,,,,Nature,,,
,,,,,Plants,,,
,,,,,Cactus,,,
,,,,,Flowers,,,
,,,,,Seed,,,
,,,,,Tree,,,
,,,,,Wood,,,
,,,,,,,,
,,,,,,,,
,Energy,,,,,,,
,,,,,Electricity,,,
,,,,,Fuel,,,
,,,,,Light,,,
,Environment,,,,,,,
,Biome,,,,,,,
,,,,,Arctic,,,
,,,,,Canyon,,,
,,,,,Cave,,,
,,,,,Desert,,,
,,,,,Forest,,,
,,,,,Habitat,,,
,,,,,Island,,,
,,,,,Jungle,,,
,,,,,Mountains,,,
,,,,,Nature,,,
,,,,,Rainforest,,,
,,,,,Safari,,,
,,,,,Water,,,
,,,,,Wilderness,,,
,,,,,Woods,,,
,Conservation,,,,,,,
,Pollution,,,,,,,
,Geology,,,,,,,
,,,,,Ice,,,
,,,,,Earthquake,,,
,,,,,Fire,,,
,,,,,Fossil,,,
,,,,,Rocks,,,
,,,,,,Sand,,
,,,,,,Soil,,
,,,,,Volcano,,,
,Seasons,,,,,,,
,,,,,Spring,,,
,,,,,Summer,,,
,,,,,Autumn,,,
,,,,,Winter,,,
,Technology,,,,,,,
,,,,,Animation,,,
,,,,,Computer,,,
,,,,,Inventions,,,
,,,,,Machines,,,
,,,,,Research,,,
,,,,,Radio,,,
,,,,,Telephone,,,
,,,,,Television,,,
,,,,,Tools,,,
,,,,,,Umbrella,,
,Temperature,1,,,,,,
,,,,,Change,,,
,,,,,Cycle,,,
,Weather,,,,,,,
,,,,,Clouds,,,
,,,,,Cyclone,,,
,,,,,Disasters,,,
,,,,,Fog,,,
,,,,,Frost,,,
,,,,,Hurricane,,,
,,,,,Lightning,,,
,,,,,Monsoon,,,
,,,,,Rain,,,
,,,,,Rainbow,,,
,,,,,Snow,,,
,,,,,Storm,,,
,,,,,Sun,,,
,,,,,Tornado,,,
,,,,,Typhoon,,,
,,,,,Wind,,,
,Zoology,1,,,,,,
,,,Animals,,,,,
,,,,,Hibernation,,,
,,,,,Migration,,,
,,,,,Wildlife,,,
,,,Amphibians,,,,,
,,,,,Frog,,,
,,,,,Tadpole,,,
,,,,,Toad,,,
,,,Arthropods,1,,,,
,,,,,Crustaceans,,,
,,,,,,Crab,,
,,,,,,Crawfish,,
,,,,,,Lobster,,
,,,,,,Shrimp,,
,,,,,Insects,,,
,,,,,,Ant,,
,,,,,,Aphid,,
,,,,,,Bee,,
,,,,,,Beetle,,
,,,,,,Bug,,
,,,,,,Butterfly,,
,,,,,,Caterpillar,,
,,,,,,Cocoon,,
,,,,,,Cockroach,,
,,,,,,Cricket,,
,,,,,,Dragonfly,,
,,,,,,Firefly,,
,,,,,,Flea,,
,,,,,,Fly,,
,,,,,,Gnat,,
,,,,,,Grasshopper,,
,,,,,,Grub,,
,,,,,,Ladybug,,
,,,,,,Mosquito,,
,,,,,,Moth,,
,,,,,,Praying Mantis,,
,,,,,,Termite,,
,,,,,,Wasp,,
,,,,,Spider (Arachnids),,,
,,,,,,Tarantula,,
,,,,,,Tick,,
,,,Birds,,,,,
,,,,,Blackbird,,,
,,,,,Bluebird,,,
,,,,,Bluejay,,,
,,,,,Canary,,,
,,,,,Cardinal,,,
,,,,,Chickadee,,,
,,,,,Chicken,,,
,,,,,Crane,,,
,,,,,Crow,,,
,,,,,Cuckoo,,,
,,,,,Dove,,,
,,,,,Duck,,,
,,,,,Eagle,,,
,,,,,Egret,,,
,,,,,Emu,,,
,,,,,Falcon,,,
,,,,,Finch,,,
,,,,,Flamingo,,,
,,,,,Goose,,,
,,,,,Hawk,,,
,,,,,Heron,,,
,,,,,Herring,,,
,,,,,Hummingbird,,,
,,,,,Kingfisher,,,
,,,,,Loon,,,
,,,,,Magpie,,,
,,,,,Mockingbird,,,
,,,,,Osprey,,,
,,,,,Ostrich,,,
,,,,,Owl,,,
,,,,,Parakeet,,,
,,,,,Parrot,,,
,,,,,Peacock,,,
,,,,,Pelican,,,
,,,,,Penguin,,,
,,,,,Pheasant,,,
,,,,,Pigeon,,,
,,,,,Quail,,,
,,,,,Raven,,,
,,,,,Robin,,,
,,,,,Rooster,,,
,,,,,Seagull,,,
,,,,,Sparrow,,,
,,,,,Starling,,,
,,,,,Swallow,,,
,,,,,Swan,,,
,,,,,Thrush,,,
,,,,,Toucan,,,
,,,,,Turkey,,,
,,,,,Vulture,,,
,,,,,Woodpecker,,,
,,,,,Wren,,,
,,,Fish,,,,,
,,,,,Catfish,,,
,,,,,Cod,,,
,,,,,Goldfish,,,
,,,,,Herring,,,
,,,,,Mackerel,,,
,,,,,Salmon,,,
,,,,,Sardine,,,
,,,,,Shark,,,
,,,,,Starfish,,,
,,,,,Swordfish,,,
,,,,,Trout,,,
,,,,,Tuna,,,
,,,Jellyfish,,,,,
,,,Mammals (Animals),,,,,Mammals
,,,,,Aardvark,,,
,,,,,Anteater,,,
,,,,,Ape,,,
,,,,,Armadillo,,,
,,,,,Baboon,,,
,,,,,Badger,,,
,,,,,Bat,,,
,,,,,Bear,,,
,,,,,Beaver,,,
,,,,,Boar,,,
,,,,,Buffalo,,,
,,,,,Bull,,,
,,,,,Camel,,,
,,,,,Caribou,,,
,,,,,Cat,,,
,,,,,Cattle,,,
,,,,,Chimpanzee,,,
,,,,,Chipmunk,,,
,,,,,Cow,,,
,,,,,Coyote,,,
,,,,,Deer,,,
,,,,,Dingo,,,
,,,,,Dog,,,
,,,,,Dolphin,,,
,,,,,Donkey,,,
,,,,,Elephant,,,
,,,,,Ferret,,,
,,,,,Fox,,,
,,,,,Gerbil,,,
,,,,,Giraffe,,,
,,,,,Gnu,,,
,,,,,Goat,,,
,,,,,Gopher,,,
,,,,,Gorilla,,,
,,,,,Groundhog,,,
,,,,,Guinea Pig,,,
,,,,,Hamster,,,
,,,,,Hare,,,
,,,,,Hedgehog,,,
,,,,,Hippopotamus,,,
,,,,,Horse,,,
,,,,,Hyena,,,
,,,,,Jaguar,,,
,,,,,Kangaroo,,,
,,,,,Koala,,,
,,,,,Leopard,,,
,,,,,Lion,,,
,,,,,Llama,,,
,,,,,Lynx,,,
,,,,,Mammoth,,,
,,,,,Mink,,,
,,,,,Mole,,,
,,,,,Monkey,,,
,,,,,Moose,,,
,,,,,Mouse,,,
,,,,,Mule,,,
,,,,,Muskrat,,,
,,,,,Opossum,,,
,,,,,Otter,,,
,,,,,Ox,,,
,,,,,Panda,,,
,,,,,Panther,,,
,,,,,Pig,,,
,,,,,Platypus,,,
,,,,,Polar Bear,,,
,,,,,Pony,,,
,,,,,Porcupine,,,
,,,,,Prairie Dog,,,
,,,,,Rabbit,,,
,,,,,Raccoon,,,
,,,,,Rat,,,
,,,,,Reindeer,,,
,,,,,Rhinoceros,,,
,,,,,Seal,,,
,,,,,Sheep,,,
,,,,,Skunk,,,
,,,,,Sloth,,,
,,,,,Squirrel,,,
,,,,,Tapir,,,
,,,,,Tiger,,,
,,,,,Wallaby,,,
,,,,,Walrus,,,
,,,,,Wart Hog,,,
,,,,,Weasel,,,
,,,,,Whale,,,
,,,,,Wolf,,,
,,,,,Wombat,,,
,,,,,Woodchuck,,,
,,,,,Worm,,,
,,,,,Yak,,,
,,,,,Zebra,,,
,,,Mollusks,,,,,
,,,,,Clams,,,
,,,,,Octopus,,,
,,,,,Oyster,,,
,,,,,Mussel,,,
,,,,,Shells,,,
,,,,,Snail,,,
,,,Reptiles,,,,,
,,,,,Alligator,,,
,,,,,Chameleon,,,
,,,,,Crocodile,,,
,,,,,Gecko,,,
,,,,,Iguana,,,
,,,,,Lizard,,,
,,,,,Newt,,,
,,,,,Scorpion,,,
,,,,,Snake,,,
,,,,,Tortoise,,,
,,,,,Turtle,,,